{"duration": 2.0100908279418945, "input_args": {}, "time": 1732876698.9333982}