{"duration": 1.9758639335632324, "input_args": {}, "time": 1732877012.0140367}